[{
  "_id": {
    "$oid": "683f8a523e46b288a8448322"
  },
  "name": "Leonardo da Vinci",
  "x": 540,
  "y": 510,
  "image_url": "https://upload.wikimedia.org/wikipedia/commons/b/ba/Leonardo_self.jpg",
  "__v": 0
},
{
  "_id": {
    "$oid": "683f8a523e46b288a8448325"
  },
  "name": "Vincent van Gogh",
  "x": 460,
  "y": 390,
  "image_url": "https://upload.wikimedia.org/wikipedia/commons/thumb/3/38/VanGogh_1887_Selbstbildnis.jpg/1024px-VanGogh_1887_Selbstbildnis.jpg",
  "__v": 0
},
{
  "_id": {
    "$oid": "683f8a523e46b288a8448327"
  },
  "name": "Claude Monet",
  "x": 430,
  "y": 440,
  "image_url": "https://upload.wikimedia.org/wikipedia/commons/thumb/a/a4/Claude_Monet_1899_Nadar_crop.jpg/800px-Claude_Monet_1899_Nadar_crop.jpg",
  "__v": 0
},
{
  "_id": {
    "$oid": "683f8a523e46b288a8448329"
  },
  "name": "Pablo Picasso",
  "x": 344,
  "y": 620,
  "image_url": "https://upload.wikimedia.org/wikipedia/commons/thumb/9/98/Pablo_picasso_1.jpg/1024px-Pablo_picasso_1.jpg",
  "__v": 0
},
{
  "_id": {
    "$oid": "683f8a523e46b288a844832b"
  },
  "name": "Rembrandt van Rijn",
  "x": 452,
  "y": 386,
  "image_url": "https://upload.wikimedia.org/wikipedia/commons/thumb/9/99/Rembrandt_Self-portrait_%28Kenwood%29.jpg/1024px-Rembrandt_Self-portrait_%28Kenwood%29.jpg",
  "__v": 0
},
{
  "_id": {
    "$oid": "683f8a523e46b288a844832d"
  },
  "name": "Sandro Botticelli",
  "x": 546,
  "y": 510,
  "image_url": "https://upload.wikimedia.org/wikipedia/commons/d/d4/Sandro_Botticelli_083.jpg",
  "__v": 0
},
{
  "_id": {
    "$oid": "683f8a523e46b288a844832f"
  },
  "name": "Johannes Vermeer",
  "x": 450,
  "y": 390,
  "image_url": "https://upload.wikimedia.org/wikipedia/commons/4/46/Cropped_version_of_Jan_Vermeer_van_Delft_002.jpg",
  "__v": 0
},
{
  "_id": {
    "$oid": "683f8a523e46b288a8448331"
  },
  "name": "Édouard Manet",
  "x": 440,
  "y": 440,
  "image_url": "https://upload.wikimedia.org/wikipedia/commons/8/88/%C3%89douard_Manet.jpg",
  "__v": 0
},
{
  "_id": {
    "$oid": "683f8a523e46b288a8448333"
  },
  "name": "Francisco Goya",
  "x": 380,
  "y": 546,
  "image_url": "https://upload.wikimedia.org/wikipedia/commons/b/bf/Vicente_L%C3%B3pez_Porta%C3%B1a_-_el_pintor_Francisco_de_Goya.jpg",
  "__v": 0
},
{
  "_id": {
    "$oid": "683f8a523e46b288a8448335"
  },
  "name": "Edvard Munch",
  "x": 528,
  "y": 250,
  "image_url": "https://upload.wikimedia.org/wikipedia/commons/8/8b/Portrait_of_Edvard_Munch_%28cropped%29.png",
  "__v": 0
}]