[{
  "_id": {
    "$oid": "683f8a523e46b288a8448337"
  },
  "artist_id": {
    "$oid": "683f8a523e46b288a8448322"
  },
  "title": "Mona Lisa",
  "year": "1503-1506",
  "location": "Louvre Museum, Paris",
  "image_url": "https://upload.wikimedia.org/wikipedia/commons/thumb/e/ec/Mona_Lisa%2C_by_Leonardo_da_Vinci%2C_from_C2RMF_retouched.jpg/330px-Mona_Lisa%2C_by_Leonardo_da_Vinci%2C_from_C2RMF_retouched.jpg",
  "wiki": "https://en.wikipedia.org/wiki/Mona_Lisa",
  "__v": 0
},
{
  "_id": {
    "$oid": "683f8a523e46b288a8448339"
  },
  "artist_id": {
    "$oid": "683f8a523e46b288a8448322"
  },
  "title": "The Last Supper",
  "year": "1495-1498",
  "location": "Santa Maria delle Grazie, Milan",
  "image_url": "https://upload.wikimedia.org/wikipedia/commons/thumb/4/48/The_Last_Supper_-_Leonardo_Da_Vinci_-_High_Resolution_32x16.jpg/500px-The_Last_Supper_-_Leonardo_Da_Vinci_-_High_Resolution_32x16.jpg",
  "wiki": "https://en.wikipedia.org/wiki/The_Last_Supper_(Leonardo)",
  "__v": 0
},
{
  "_id": {
    "$oid": "683f8a523e46b288a844833b"
  },
  "artist_id": {
    "$oid": "683f8a523e46b288a8448322"
  },
  "title": "Lady with an Ermine",
  "year": "1489-1491",
  "location": "Czartoryski Museum, Kraków",
  "image_url": "https://upload.wikimedia.org/wikipedia/commons/b/bf/Lady_with_an_Ermine_-_Leonardo_da_Vinci_%28adjusted_levels%29.jpg",
  "wiki": "https://en.wikipedia.org/wiki/Lady_with_an_Ermine",
  "__v": 0
},
{
  "_id": {
    "$oid": "683f8a523e46b288a844833d"
  },
  "artist_id": {
    "$oid": "683f8a523e46b288a8448325"
  },
  "title": "The Starry Night",
  "year": "1889",
  "location": "Museum of Modern Art, New York",
  "image_url": "https://upload.wikimedia.org/wikipedia/commons/thumb/e/ea/Van_Gogh_-_Starry_Night_-_Google_Art_Project.jpg/500px-Van_Gogh_-_Starry_Night_-_Google_Art_Project.jpg",
  "wiki": "https://en.wikipedia.org/wiki/The_Starry_Night",
  "__v": 0
},
{
  "_id": {
    "$oid": "683f8a523e46b288a844833f"
  },
  "artist_id": {
    "$oid": "683f8a523e46b288a8448325"
  },
  "title": "Sunflowers",
  "year": "1888",
  "location": "National Gallery, London",
  "image_url": "https://upload.wikimedia.org/wikipedia/commons/4/46/Vincent_Willem_van_Gogh_127.jpg",
  "wiki": "https://en.wikipedia.org/wiki/Sunflowers_(Van_Gogh_series)",
  "__v": 0
},
{
  "_id": {
    "$oid": "683f8a523e46b288a8448341"
  },
  "artist_id": {
    "$oid": "683f8a523e46b288a8448325"
  },
  "title": "The Potato Eaters",
  "year": "1885",
  "location": "Van Gogh Museum, Amsterdam",
  "image_url": "https://upload.wikimedia.org/wikipedia/commons/b/b1/Van-willem-vincent-gogh-die-kartoffelesser-03850.jpg",
  "wiki": "https://en.wikipedia.org/wiki/The_Potato_Eaters",
  "__v": 0
},
{
  "_id": {
    "$oid": "683f8a523e46b288a8448343"
  },
  "artist_id": {
    "$oid": "683f8a523e46b288a8448327"
  },
  "title": "Impression, Sunrise",
  "year": "1872",
  "location": "Musée Marmottan Monet, Paris",
  "image_url": "https://upload.wikimedia.org/wikipedia/commons/5/59/Monet_-_Impression%2C_Sunrise.jpg",
  "wiki": "https://en.wikipedia.org/wiki/Impression,_Sunrise",
  "__v": 0
},
{
  "_id": {
    "$oid": "683f8a523e46b288a8448345"
  },
  "artist_id": {
    "$oid": "683f8a523e46b288a8448327"
  },
  "title": "The Green Wave",
  "year": "1866-1867",
  "location": "Metropolitan Museum of Art, New York",
  "image_url": "https://upload.wikimedia.org/wikipedia/commons/c/c2/Claude_Monet_-_La_Vague_Verte.jpg",
  "wiki": "https://www.metmuseum.org/art/collection/search/437105",
  "__v": 0
},
{
  "_id": {
    "$oid": "683f8a523e46b288a8448347"
  },
  "artist_id": {
    "$oid": "683f8a523e46b288a8448327"
  },
  "title": "Rouen Cathedral Series",
  "year": "1894",
  "location": "Various museums in Europe and the U.S.",
  "image_url": "https://upload.wikimedia.org/wikipedia/commons/3/30/RouenCathedral_Monet_1894.jpg",
  "wiki": "https://en.wikipedia.org/wiki/Rouen_Cathedral_(Monet_series)",
  "__v": 0
},
{
  "_id": {
    "$oid": "683f8a523e46b288a8448349"
  },
  "artist_id": {
    "$oid": "683f8a523e46b288a8448329"
  },
  "title": "Guernica",
  "year": "1937",
  "location": "Museo Reina Sofía, Madrid",
  "image_url": "https://upload.wikimedia.org/wikipedia/en/7/74/PicassoGuernica.jpg",
  "wiki": "https://en.wikipedia.org/wiki/Guernica_(Picasso)",
  "__v": 0
},
{
  "_id": {
    "$oid": "683f8a523e46b288a844834b"
  },
  "artist_id": {
    "$oid": "683f8a523e46b288a8448329"
  },
  "title": "Les Demoiselles d'Avignon",
  "year": "1907",
  "location": "Museum of Modern Art, New York",
  "image_url": "https://upload.wikimedia.org/wikipedia/en/4/4c/Les_Demoiselles_d%27Avignon.jpg",
  "wiki": "https://en.wikipedia.org/wiki/Les_Demoiselles_d%27Avignon",
  "__v": 0
},
{
  "_id": {
    "$oid": "683f8a523e46b288a844834d"
  },
  "artist_id": {
    "$oid": "683f8a523e46b288a8448329"
  },
  "title": "The Weeping Woman",
  "year": "1937",
  "location": "Tate Modern, London",
  "image_url": "https://upload.wikimedia.org/wikipedia/en/1/14/Picasso_The_Weeping_Woman_Tate_identifier_T05010_10.jpg",
  "wiki": "https://en.wikipedia.org/wiki/The_Weeping_Woman",
  "__v": 0
},
{
  "_id": {
    "$oid": "683f8a523e46b288a844834f"
  },
  "artist_id": {
    "$oid": "683f8a523e46b288a844832b"
  },
  "title": "The Night Watch",
  "year": "1642",
  "location": "Rijksmuseum, Amsterdam",
  "image_url": "https://upload.wikimedia.org/wikipedia/commons/thumb/5/5a/The_Night_Watch_-_HD.jpg/500px-The_Night_Watch_-_HD.jpg",
  "wiki": "https://en.wikipedia.org/wiki/The_Night_Watch",
  "__v": 0
},
{
  "_id": {
    "$oid": "683f8a523e46b288a8448351"
  },
  "artist_id": {
    "$oid": "683f8a523e46b288a844832b"
  },
  "title": "The Anatomy Lesson of Dr. Nicolaes Tulp",
  "year": "1632",
  "location": "Mauritshuis, The Hague",
  "image_url": "https://upload.wikimedia.org/wikipedia/commons/4/4d/Rembrandt_-_The_Anatomy_Lesson_of_Dr_Nicolaes_Tulp.jpg",
  "wiki": "https://en.wikipedia.org/wiki/The_Anatomy_Lesson_of_Dr._Nicolaes_Tulp",
  "__v": 0
},
{
  "_id": {
    "$oid": "683f8a523e46b288a8448353"
  },
  "artist_id": {
    "$oid": "683f8a523e46b288a844832b"
  },
  "title": "Self-Portrait with Two Circles",
  "year": "1665-1669",
  "location": "Kenwood House, London",
  "image_url": "https://upload.wikimedia.org/wikipedia/commons/9/99/Rembrandt_Self-portrait_%28Kenwood%29.jpg",
  "wiki": "https://en.wikipedia.org/wiki/Self-Portrait_with_Two_Circles",
  "__v": 0
},
{
  "_id": {
    "$oid": "683f8a523e46b288a8448355"
  },
  "artist_id": {
    "$oid": "683f8a523e46b288a844832d"
  },
  "title": "The Birth of Venus",
  "year": "1486-1486",
  "location": "Uffizi Gallery, Florence",
  "image_url": "https://upload.wikimedia.org/wikipedia/commons/thumb/0/0b/Sandro_Botticelli_-_La_nascita_di_Venere_-_Google_Art_Project_-_edited.jpg/500px-Sandro_Botticelli_-_La_nascita_di_Venere_-_Google_Art_Project_-_edited.jpg",
  "wiki": "https://en.wikipedia.org/wiki/The_Birth_of_Venus",
  "__v": 0
},
{
  "_id": {
    "$oid": "683f8a523e46b288a8448357"
  },
  "artist_id": {
    "$oid": "683f8a523e46b288a844832d"
  },
  "title": "Primavera",
  "year": "late 1470s or early 1480s",
  "location": "Uffizi Gallery, Florence",
  "image_url": "https://upload.wikimedia.org/wikipedia/commons/thumb/3/3c/Botticelli-primavera.jpg/500px-Botticelli-primavera.jpg",
  "wiki": "https://en.wikipedia.org/wiki/Primavera_(Botticelli)",
  "__v": 0
},
{
  "_id": {
    "$oid": "683f8a523e46b288a8448359"
  },
  "artist_id": {
    "$oid": "683f8a523e46b288a844832d"
  },
  "title": "Adoration of the Magi",
  "year": "1475-1476",
  "location": "Uffizi Gallery, Florence",
  "image_url": "https://upload.wikimedia.org/wikipedia/commons/9/9d/Botticelli_-_Adoration_of_the_Magi_%28Zanobi_Altar%29_-_Uffizi.jpg",
  "wiki": "https://en.wikipedia.org/wiki/Adoration_of_the_Magi_(Botticelli)",
  "__v": 0
},
{
  "_id": {
    "$oid": "683f8a523e46b288a844835b"
  },
  "artist_id": {
    "$oid": "683f8a523e46b288a844832f"
  },
  "title": "Girl with a Pearl Earring",
  "year": "1665",
  "location": "Mauritshuis, The Hague",
  "image_url": "https://upload.wikimedia.org/wikipedia/commons/thumb/0/0f/1665_Girl_with_a_Pearl_Earring.jpg/800px-1665_Girl_with_a_Pearl_Earring.jpg",
  "wiki": "https://en.wikipedia.org/wiki/Girl_with_a_Pearl_Earring",
  "__v": 0
},
{
  "_id": {
    "$oid": "683f8a523e46b288a844835d"
  },
  "artist_id": {
    "$oid": "683f8a523e46b288a844832f"
  },
  "title": "The Milkmaid",
  "year": "1658",
  "location": "Rijksmuseum, Amsterdam",
  "image_url": "https://upload.wikimedia.org/wikipedia/commons/thumb/6/6e/Johannes_Vermeer_-_Het_melkmeisje_-_Google_Art_Project.png/500px-Johannes_Vermeer_-_Het_melkmeisje_-_Google_Art_Project.png",
  "wiki": "https://en.wikipedia.org/wiki/The_Milkmaid_(Vermeer)",
  "__v": 0
},
{
  "_id": {
    "$oid": "683f8a523e46b288a844835f"
  },
  "artist_id": {
    "$oid": "683f8a523e46b288a844832f"
  },
  "title": "View of Delft",
  "year": "1660-1661",
  "location": "Mauritshuis, The Hague",
  "image_url": "https://upload.wikimedia.org/wikipedia/commons/a/a2/Vermeer-view-of-delft.jpg",
  "wiki": "https://en.wikipedia.org/wiki/View_of_Delft",
  "__v": 0
},
{
  "_id": {
    "$oid": "683f8a523e46b288a8448361"
  },
  "artist_id": {
    "$oid": "683f8a523e46b288a8448331"
  },
  "title": "Olympia",
  "year": "1863-1865",
  "location": "Musée d'Orsay, Paris",
  "image_url": "https://upload.wikimedia.org/wikipedia/commons/c/c5/Edouard_Manet_-_Olympia_-_Google_Art_ProjectFXD.jpg",
  "wiki": "https://en.wikipedia.org/wiki/Olympia_(Manet)",
  "__v": 0
},
{
  "_id": {
    "$oid": "683f8a523e46b288a8448363"
  },
  "artist_id": {
    "$oid": "683f8a523e46b288a8448331"
  },
  "title": "The Luncheon on the Grass",
  "year": "1863",
  "location": "Musée d'Orsay, Paris",
  "image_url": "https://upload.wikimedia.org/wikipedia/commons/9/90/Edouard_Manet_-_Luncheon_on_the_Grass_-_Google_Art_Project.jpg",
  "wiki": "https://en.wikipedia.org/wiki/Le_D%C3%A9jeuner_sur_l%27herbe",
  "__v": 0
},
{
  "_id": {
    "$oid": "683f8a523e46b288a8448365"
  },
  "artist_id": {
    "$oid": "683f8a523e46b288a8448331"
  },
  "title": "A Bar at the Folies-Bergère",
  "year": "1882",
  "location": "Courtauld Gallery, London",
  "image_url": "https://upload.wikimedia.org/wikipedia/commons/b/b1/%22Un_Bar_aux_Folies-Berg%C3%A8re%22_by_%C3%89douard_Manet_%281882%29.jpg",
  "wiki": "https://en.wikipedia.org/wiki/A_Bar_at_the_Folies-Berg%C3%A8re",
  "__v": 0
},
{
  "_id": {
    "$oid": "683f8a523e46b288a8448367"
  },
  "artist_id": {
    "$oid": "683f8a523e46b288a8448333"
  },
  "title": "The Third of May 1808",
  "year": "1814",
  "location": "Museo del Prado, Madrid",
  "image_url": "https://upload.wikimedia.org/wikipedia/commons/thumb/f/fd/El_Tres_de_Mayo%2C_by_Francisco_de_Goya%2C_from_Prado_thin_black_margin.jpg/500px-El_Tres_de_Mayo%2C_by_Francisco_de_Goya%2C_from_Prado_thin_black_margin.jpg",
  "wiki": "https://en.wikipedia.org/wiki/The_Third_of_May_1808",
  "__v": 0
},
{
  "_id": {
    "$oid": "6842a5a31bc556173b4c25b0"
  },
  "artist_id": {
    "$oid": "683f8a523e46b288a8448335"
  },
  "title": "The Scream",
  "year": "1893",
  "location": "National Museum and Munch Museum, Oslo",
  "image_url": "https://upload.wikimedia.org/wikipedia/commons/c/c5/Edvard_Munch%2C_1893%2C_The_Scream%2C_oil%2C_tempera_and_pastel_on_cardboard%2C_91_x_73_cm%2C_National_Gallery_of_Norway.jpg",
  "wiki": "https://en.wikipedia.org/wiki/The_Scream",
  "__v": 0
}]